-- phpMyAdmin SQL Dump
-- version 4.5.2
-- http://www.phpmyadmin.net
--
-- Host: localhost
-- Generation Time: Apr 20, 2016 at 11:26 PM
-- Server version: 10.1.10-MariaDB
-- PHP Version: 5.6.19

SET SQL_MODE = "NO_AUTO_VALUE_ON_ZERO";
SET time_zone = "+00:00";


/*!40101 SET @OLD_CHARACTER_SET_CLIENT=@@CHARACTER_SET_CLIENT */;
/*!40101 SET @OLD_CHARACTER_SET_RESULTS=@@CHARACTER_SET_RESULTS */;
/*!40101 SET @OLD_COLLATION_CONNECTION=@@COLLATION_CONNECTION */;
/*!40101 SET NAMES utf8mb4 */;

--
-- Database: `fantasy_football`
--

-- --------------------------------------------------------

--
-- Table structure for table `defs`
--

CREATE TABLE `defs` (
  `teamID` varchar(10) NOT NULL,
  `yearID` int(4) NOT NULL,
  `bye` int(2) NOT NULL,
  `regScore` int(3) NOT NULL,
  `pointsPpr` int(3) NOT NULL,
  `pointsTD` int(3) NOT NULL,
  `points2qb` int(3) NOT NULL,
  `pointsCust` int(3) NOT NULL
) ENGINE=InnoDB DEFAULT CHARSET=latin1;

--
-- Dumping data for table `defs`
--

INSERT INTO `defs` (`teamID`, `yearID`, `bye`, `regScore`, `pointsPpr`, `pointsTD`, `points2qb`, `pointsCust`) VALUES
('001', 2015, 9, 999, 999, 999, 999, 999),
('002', 2015, 5, 998, 998, 998, 998, 998),
('003', 2015, 5, 997, 997, 997, 997, 997),
('004', 2015, 7, 994, 994, 994, 994, 994),
('005', 2015, 5, 993, 993, 993, 993, 993),
('006', 2015, 10, 992, 992, 992, 992, 992),
('007', 2015, 9, 991, 991, 991, 991, 991),
('008', 2015, 6, 990, 990, 990, 990, 990),
('009', 2015, 9, 989, 989, 989, 989, 989),
('010', 2015, 8, 987, 987, 987, 987, 987),
('011', 2015, 11, 986, 986, 986, 986, 986),
('012', 2015, 5, 984, 984, 984, 984, 984),
('013', 2015, 8, 983, 983, 983, 983, 983),
('014', 2015, 11, 982, 982, 982, 982, 982),
('015', 2015, 7, 981, 981, 981, 981, 981),
('016', 2015, 9, 980, 980, 980, 980, 980),
('017', 2015, 4, 977, 977, 977, 977, 977),
('018', 2015, 9, 975, 975, 975, 975, 975),
('019', 2015, 6, 973, 973, 973, 973, 973),
('020', 2015, 9, 971, 971, 971, 971, 971),
('021', 2015, 7, 969, 969, 969, 969, 969),
('022', 2015, 10, 0, 0, 0, 0, 0),
('023', 2015, 8, 0, 0, 0, 0, 0),
('024', 2015, 10, 0, 0, 0, 0, 0),
('025', 2015, 11, 0, 0, 0, 0, 0),
('026', 2015, 10, 0, 0, 0, 0, 0),
('027', 2015, 11, 0, 0, 0, 0, 0),
('028', 2015, 7, 0, 0, 0, 0, 0),
('029', 2015, 8, 0, 0, 0, 0, 0),
('030', 2015, 6, 0, 0, 0, 0, 0),
('031', 2015, 6, 0, 0, 0, 0, 0),
('032', 2015, 4, 0, 0, 0, 0, 0);

-- --------------------------------------------------------

--
-- Table structure for table `ks`
--

CREATE TABLE `ks` (
  `playerID` varchar(10) NOT NULL,
  `lastName` varchar(14) NOT NULL,
  `firstName` varchar(7) NOT NULL,
  `teamID` varchar(10) NOT NULL,
  `yearID` int(11) NOT NULL,
  `bye` int(2) NOT NULL,
  `FG1` int(4) NOT NULL,
  `FG2` int(2) NOT NULL,
  `FG3` int(2) NOT NULL,
  `XP` int(2) NOT NULL,
  `pointsEspn` int(3) NOT NULL,
  `pointPpr` int(3) NOT NULL,
  `pointsTd` int(3) NOT NULL,
  `points2qb` int(3) NOT NULL,
  `pointsCust` int(3) NOT NULL
) ENGINE=InnoDB DEFAULT CHARSET=latin1;

--
-- Dumping data for table `ks`
--

INSERT INTO `ks` (`playerID`, `lastName`, `firstName`, `teamID`, `yearID`, `bye`, `FG1`, `FG2`, `FG3`, `XP`, `pointsEspn`, `pointPpr`, `pointsTd`, `points2qb`, `pointsCust`) VALUES
('K01', 'Gostkowski', 'Stephen', '17', 2015, 4, 22, 10, 3, 50, 171, 171, 171, 171, 171),
('K02', 'Tucker', 'Justin', '16', 2015, 9, 19, 9, 5, 43, 161, 161, 161, 161, 161),
('K03', 'Parkey', 'Cody', '23', 2015, 8, 21, 6, 4, 52, 159, 159, 159, 159, 159),
('K04', 'Crosby', 'Mason', '21', 2015, 7, 18, 6, 4, 54, 152, 152, 152, 152, 152),
('K05', 'Bailey', 'Dan', '19', 2015, 6, 13, 9, 5, 48, 148, 148, 148, 148, 148),
('K06', 'Hauschka', 'Steven', '1', 2015, 9, 17, 9, 3, 43, 145, 145, 145, 145, 145),
('K07', 'Vinatieri', 'Adam', '6', 2015, 10, 14, 8, 4, 50, 144, 144, 144, 144, 144),
('K08', 'Bryant', 'Matt', '26', 2015, 10, 16, 8, 4, 44, 144, 144, 144, 144, 144),
('K09', 'Bullock', 'Randy', '18', 2015, 9, 18, 8, 3, 42, 143, 143, 143, 143, 143),
('K10', 'Carpenter', 'Dan', '10', 2015, 8, 18, 8, 5, 31, 142, 142, 142, 142, 142),
('K11', 'Gould', 'Robbie', '28', 2015, 7, 16, 7, 3, 46, 137, 137, 137, 137, 137),
('K12', 'Scobee', 'Josh', '14', 2015, 11, 13, 8, 4, 46, 137, 137, 137, 137, 137),
('K13', 'Sturgis', 'Caleb', '3', 2015, 5, 16, 7, 3, 42, 133, 133, 133, 133, 133),
('K14', 'Catanzaro', 'Chandle', '9', 2015, 9, 14, 10, 2, 39, 131, 131, 131, 131, 131),
('K15', 'Gano', 'Graham', '12', 2015, 5, 16, 8, 2, 38, 128, 128, 128, 128, 128),
('K16', 'Santos', 'Cairo', '7', 2015, 9, 17, 7, 2, 38, 127, 127, 127, 127, 127),
('K17', 'Novak', 'Nick', '24', 2015, 10, 16, 5, 3, 42, 125, 125, 125, 125, 125),
('K18', 'Brown', 'Josh', '25', 2015, 11, 15, 6, 2, 46, 125, 125, 125, 125, 125),
('K19', 'Folk', 'Nick', '2', 2015, 5, 17, 8, 3, 25, 123, 123, 123, 123, 123),
('K20', 'Janikowski', 'Sebasti', '31', 2015, 6, 12, 9, 5, 26, 123, 123, 123, 123, 123),
('K21', 'Walsh', 'Blair', '5', 2015, 5, 14, 6, 4, 36, 122, 122, 122, 122, 122),
('K22', 'Nugent', 'Mike', '4', 2015, 7, 15, 7, 1, 42, 120, 120, 120, 120, 120),
('K23', 'Zuerlein', 'Greg', '8', 2015, 6, 13, 6, 4, 37, 120, 120, 120, 120, 120),
('K24', 'McManus', 'Brandon', '15', 2015, 7, 13, 5, 2, 49, 118, 118, 118, 118, 118),
('K25', 'Graham', 'Shayne', '27', 2015, 11, 16, 5, 1, 45, 118, 118, 118, 118, 118),
('K26', 'Brindza', 'Kyle', '30', 2015, 6, 16, 7, 1, 35, 116, 116, 116, 116, 116),
('K27', 'Prater', 'Matt', '20', 2015, 9, 13, 7, 3, 33, 115, 115, 115, 115, 115),
('K28', 'Dawson', 'Phil', '22', 2015, 10, 14, 5, 4, 32, 114, 114, 114, 114, 114),
('K29', 'Forbath', 'Kai', '29', 2015, 8, 15, 7, 1, 35, 113, 113, 113, 113, 113),
('K30', 'Myers', 'Jason', '13', 2015, 8, 15, 6, 1, 34, 108, 108, 108, 108, 108),
('K31', 'Succop', 'Ryan', '32', 2015, 4, 14, 6, 2, 32, 108, 108, 108, 108, 108),
('K32', 'Cundiff', 'Billy', '11', 2015, 11, 13, 7, 1, 26, 98, 98, 98, 98, 98);

-- --------------------------------------------------------

--
-- Table structure for table `players`
--

CREATE TABLE `players` (
  `playerID` varchar(10) NOT NULL,
  `lastName` varchar(14) DEFAULT NULL,
  `firstName` varchar(7) DEFAULT NULL,
  `teamID` varchar(10) DEFAULT NULL,
  `pos` varchar(10) DEFAULT NULL
) ENGINE=InnoDB DEFAULT CHARSET=latin1;

--
-- Dumping data for table `players`
--

INSERT INTO `players` (`playerID`, `lastName`, `firstName`, `teamID`, `pos`) VALUES
('K01', 'Gostkowski', 'Stephen', '17', 'K'),
('K02', 'Tucker', 'Justin', '16', 'K'),
('K03', 'Parkey', 'Cody', '23', 'K'),
('K04', 'Crosby', 'Mason', '21', 'K'),
('K05', 'Bailey', 'Dan', '19', 'K'),
('K06', 'Hauschka', 'Steven', '1', 'K'),
('K07', 'Vinatieri', 'Adam', '6', 'K'),
('K08', 'Bryant', 'Matt', '26', 'K'),
('K09', 'Bullock', 'Randy', '18', 'K'),
('K10', 'Carpenter', 'Dan', '10', 'K'),
('K11', 'Gould', 'Robbie', '28', 'K'),
('K12', 'Scobee', 'Josh', '14', 'K'),
('K13', 'Sturgis', 'Caleb', '3', 'K'),
('K14', 'Catanzaro', 'Chandle', '9', 'K'),
('K15', 'Gano', 'Graham', '12', 'K'),
('K16', 'Santos', 'Cairo', '7', 'K'),
('K17', 'Novak', 'Nick', '24', 'K'),
('K18', 'Brown', 'Josh', '25', 'K'),
('K19', 'Folk', 'Nick', '2', 'K'),
('K20', 'Janikowski', 'Sebasti', '31', 'K'),
('K21', 'Walsh', 'Blair', '5', 'K'),
('K22', 'Nugent', 'Mike', '4', 'K'),
('K23', 'Zuerlein', 'Greg', '8', 'K'),
('K24', 'McManus', 'Brandon', '15', 'K'),
('K25', 'Graham', 'Shayne', '27', 'K'),
('K26', 'Brindza', 'Kyle', '30', 'K'),
('K27', 'Prater', 'Matt', '20', 'K'),
('K28', 'Dawson', 'Phil', '22', 'K'),
('K29', 'Forbath', 'Kai', '29', 'K'),
('K30', 'Myers', 'Jason', '13', 'K'),
('K31', 'Succop', 'Ryan', '32', 'K'),
('K32', 'Cundiff', 'Billy', '11', 'K'),
('Q01', 'Rodgers', 'Aaron', '21', 'QB'),
('Q02', 'Luck', 'Andrew', '6', 'QB'),
('Q03', 'Wilson', 'Russell', '1', 'QB'),
('Q04', 'Brees', 'Drew', '27', 'QB'),
('Q05', 'Roethlisberger', 'Ben', '14', 'QB'),
('Q06', 'Stafford', 'Matthew', '20', 'QB'),
('Q07', 'Romo', 'Tony', '19', 'QB'),
('Q08', 'Manning', 'Peyton', '15', 'QB'),
('Q09', 'Ryan', 'Matt', '26', 'QB'),
('Q10', 'Tannehill', 'Ryan', '3', 'QB'),
('Q11', 'Brady', 'Tom', '17', 'QB'),
('Q12', 'Newton', 'Cam', '12', 'QB'),
('Q13', 'Rivers', 'Philip', '24', 'QB'),
('Q14', 'Flacco', 'Joe', '16', 'QB'),
('Q15', 'Bradford', 'Sam', '23', 'QB'),
('Q16', 'Manning', 'Eli', '25', 'QB'),
('Q17', 'Bortles', 'Blake', '13', 'QB'),
('Q18', 'Kaepernick', 'Colin', '22', 'QB'),
('Q19', 'Mariota', 'Marcus', '32', 'QB'),
('Q20', 'Bridgewater', 'Teddy', '5', 'QB'),
('Q21', 'Dalton', 'Andy', '4', 'QB'),
('Q22', 'Smith', 'Alex', '7', 'QB'),
('Q23', 'Taylor', 'Tyrod', '10', 'QB'),
('Q24', 'Palmer', 'Carson', '9', 'QB'),
('Q25', 'Cutler', 'Jay', '28', 'QB'),
('Q26', 'Foles', 'Nick', '8', 'QB'),
('Q27', 'Winston', 'Jameis', '30', 'QB'),
('Q28', 'Carr', 'Derek', '31', 'QB'),
('Q29', 'Hoyer', 'Brian', '18', 'QB'),
('Q30', 'Cousins', 'Kirk', '29', 'QB'),
('Q31', 'McCown', 'Josh', '11', 'QB'),
('Q32', 'Griffin', 'Robert', '29', 'QB'),
('Q33', 'Smith', 'Geno', '2', 'QB'),
('Q34', 'Fitzpatrick', 'Ryan', '2', 'QB'),
('Q35', 'Garoppolo', 'Jimmy', '17', 'QB'),
('R01', 'Lacy', 'Eddie', '21', 'RB'),
('R02', 'Bell', 'LeVeon', '14', 'RB'),
('R03', 'Lynch', 'Marshaw', '1', 'RB'),
('R04', 'Peterson', 'Adrian', '5', 'RB'),
('R05', 'Charles', 'Jamaal', '7', 'RB'),
('R06', 'Anderson', 'C.J.', '15', 'RB'),
('R07', 'Hill', 'Jeremy', '4', 'RB'),
('R08', 'Murray', 'DeMarco', '23', 'RB'),
('R09', 'McCoy', 'LeSean', '10', 'RB'),
('R10', 'Forte', 'Matt', '28', 'RB'),
('R11', 'Miller', 'Lamar', '3', 'RB'),
('R12', 'Forsett', 'Justin', '16', 'RB'),
('R13', 'Hyde', 'Carlos', '22', 'RB'),
('R14', 'Morris', 'Alfred', '29', 'RB'),
('R15', 'Gore', 'Frank', '6', 'RB'),
('R16', 'Martin', 'Doug', '30', 'RB'),
('R17', 'Gordon', 'Melvin', '24', 'RB'),
('R18', 'Ivory', 'Chris', '2', 'RB'),
('R19', 'Yeldon', 'T.J.', '13', 'RB'),
('R20', 'Ingram', 'Mark', '27', 'RB'),
('R21', 'Blount', 'LeGarre', '17', 'RB'),
('R22', 'Murray', 'Lataviu', '31', 'RB'),
('R23', 'Foster', 'Arian', '18', 'RB'),
('R24', 'Gurley', 'Todd', '8', 'RB'),
('R25', 'Ellington', 'Andre', '9', 'RB'),
('R26', 'Abdullah', 'Ameer', '20', 'RB'),
('R27', 'Johnson', 'Duke', '11', 'RB'),
('R28', 'Randle', 'Joseph', '19', 'RB'),
('R29', 'Crowell', 'Isaiah', '11', 'RB'),
('R30', 'Bell', 'Joique', '20', 'RB'),
('R31', 'Stewart', 'Jonatha', '12', 'RB'),
('R32', 'Sankey', 'Bishop', '32', 'RB'),
('R33', 'Jennings', 'Rashad', '25', 'RB'),
('R34', 'Vereen', 'Shane', '25', 'RB'),
('R35', 'Bernard', 'Giovani', '4', 'RB'),
('R36', 'Coleman', 'Tevin', '26', 'RB'),
('R37', 'McFadden', 'Darren', '19', 'RB'),
('R38', 'Spiller', 'C.J.', '27', 'RB'),
('R39', 'Hillman', 'Ronnie', '15', 'RB'),
('R40', 'Williams', 'Andre', '25', 'RB'),
('R41', 'Blue', 'Alfred', '18', 'RB'),
('R42', 'Lewis', 'Dion', '17', 'RB'),
('R43', 'Freeman', 'Devonta', '26', 'RB'),
('R44', 'Robinson', 'Khiry', '27', 'RB'),
('R45', 'Mathews', 'Ryan', '23', 'RB'),
('R46', 'Robinson', 'Josh', '6', 'RB'),
('R47', 'Davis', 'Knile', '7', 'RB'),
('R48', 'Rawls', 'Thomas', '1', 'RB'),
('R49', 'Woodhead', 'Danny', '24', 'RB'),
('R50', 'Mason', 'Tre', '8', 'RB'),
('R51', 'West', 'Terranc', '11', 'RB'),
('R52', 'Robinson', 'Denard', '13', 'RB'),
('R53', 'Jones', 'Matt', '29', 'RB'),
('R54', 'Michael', 'Christi', '19', 'RB'),
('R55', 'Johnson', 'David', '9', 'RB'),
('R56', 'Williams', 'DeAngel', '14', 'RB'),
('R57', 'Artis-Payne', 'Cameron', '12', 'RB'),
('R58', 'Johnson', 'Chris', '9', 'RB'),
('R59', 'Helu', 'Roy', '31', 'RB'),
('R60', 'Starks', 'James', '21', 'RB'),
('R61', 'Bush', 'Reggie', '22', 'RB'),
('R62', 'Polk', 'Chris', '18', 'RB'),
('R63', 'McKinnon', 'Jerick', '5', 'RB'),
('R64', 'Langford', 'Jeremy', '28', 'RB'),
('R65', 'Sproles', 'Darren', '23', 'RB'),
('R66', 'Oliver', 'Branden', '24', 'RB'),
('R67', 'Grimes', 'Jonatha', '18', 'RB'),
('R68', 'Williams', 'Karlos', '10', 'RB'),
('R69', 'Dunbar', 'Lance', '19', 'RB'),
('R70', 'Sims', 'Charles', '30', 'RB'),
('R71', 'Cobb', 'David', '32', 'RB'),
('R72', 'Gray', 'Jonas', '17', 'RB'),
('R73', 'Turbin', 'Robert', '1', 'RB'),
('T01', 'Gronkowski', 'Rob', '17', 'TE'),
('T02', 'Graham', 'Jimmy', '1', 'TE'),
('T03', 'Olsen', 'Greg', '12', 'TE'),
('T04', 'Kelce', 'Travis', '7', 'TE'),
('T05', 'Walker', 'Delanie', '32', 'TE'),
('T06', 'Eifert', 'Tyler', '4', 'TE'),
('T07', 'Bennett', 'Martell', '28', 'TE'),
('T08', 'Reed', 'Jordan', '29', 'TE'),
('T09', 'Rudolph', 'Kyle', '5', 'TE'),
('T10', 'Daniels', 'Owen', '15', 'TE'),
('T11', 'Ertz', 'Zach', '23', 'TE'),
('T12', 'Fleener', 'Coby', '6', 'TE'),
('T13', 'Cameron', 'Jordan', '3', 'TE'),
('T14', 'Clay', 'Charles', '10', 'TE'),
('T15', 'Witten', 'Jason', '19', 'TE'),
('T16', 'Cook', 'Jared', '8', 'TE'),
('T17', 'Davis', 'Vernon', '22', 'TE'),
('T18', 'Thomas', 'Julius', '13', 'TE'),
('T19', 'Rodgers', 'Richard', '21', 'TE'),
('T20', 'Seferian-Jenki', 'Austin', '30', 'TE'),
('T21', 'Miller', 'Heath', '14', 'TE'),
('T22', 'Ebron', 'Eric', '20', 'TE'),
('T23', 'Green', 'Ladariu', '24', 'TE'),
('T24', 'Chandler', 'Scott', '17', 'TE'),
('T25', 'Donnell', 'Larry', '25', 'TE'),
('T26', 'Gates', 'Antonio', '24', 'TE'),
('T27', 'Allen', 'Dwayne', '6', 'TE'),
('T28', 'Williams', 'Maxx', '16', 'TE'),
('T29', 'Hill', 'Josh', '27', 'TE'),
('T30', 'Rivera', 'Mychal', '31', 'TE'),
('T31', 'Amaro', 'Jace', '2', 'TE'),
('T32', 'Walford', 'Clive', '31', 'TE'),
('T33', 'Housler', 'Rob', '11', 'TE'),
('T34', 'Lewis', 'Marcede', '13', 'TE'),
('T35', 'Celek', 'Brent', '23', 'TE'),
('T36', 'Fiedorowicz', 'C.J.', '18', 'TE'),
('T37', 'Quarless', 'Andrew', '21', 'TE'),
('T38', 'Toilolo', 'Levine', '26', 'TE'),
('T39', 'Pitta', 'Dennis', '16', 'TE'),
('T40', 'Green', 'Virgil', '15', 'TE'),
('T41', 'Niklas', 'Troy', '9', 'TE'),
('T42', 'Pettigrew', 'Brandon', '20', 'TE'),
('T43', 'Paul', 'Niles', '29', 'TE'),
('T44', 'Wright', 'Tim', '20', 'TE'),
('W01', 'Brown', 'Antonio', '14', 'WR'),
('W02', 'Johnson', 'Calvin', '20', 'WR'),
('W03', 'Jones', 'Julio', '26', 'WR'),
('W04', 'Beckham', 'Odell', '25', 'WR'),
('W05', 'Bryant', 'Dez', '19', 'WR'),
('W06', 'Green', 'A.J. ', '4', 'WR'),
('W07', 'Cobb', 'Randall', '21', 'WR'),
('W08', 'Thomas', 'Demaryi', '15', 'WR'),
('W09', 'Hilton', 'T.Y.', '6', 'WR'),
('W10', 'Cooks', 'Brandin', '27', 'WR'),
('W11', 'Jeffery', 'Alshon', '28', 'WR'),
('W12', 'Matthews', 'Jordan', '23', 'WR'),
('W13', 'Hopkins', 'DeAndre', '18', 'WR'),
('W14', 'Sanders', 'Emmanue', '15', 'WR'),
('W15', 'Maclin', 'Jeremy', '7', 'WR'),
('W16', 'Evans', 'Mike', '30', 'WR'),
('W17', 'Watkins', 'Sammy', '10', 'WR'),
('W18', 'Tate', 'Golden', '20', 'WR'),
('W19', 'Allen', 'Keenan', '24', 'WR'),
('W20', 'Robinson', 'Allen', '13', 'WR'),
('W21', 'Jackson', 'Vincent', '30', 'WR'),
('W22', 'Landry', 'Jarvis', '3', 'WR'),
('W23', 'Adams', 'Davante', '21', 'WR'),
('W24', 'Johnson', 'Andre', '6', 'WR'),
('W25', 'Johnson', 'Charles', '5', 'WR'),
('W26', 'Jackson', 'DeSean', '29', 'WR'),
('W27', 'Edelman', 'Julian', '17', 'WR'),
('W28', 'Johnson', 'Stevie', '24', 'WR'),
('W29', 'Wheaton', 'Markus', '14', 'WR'),
('W30', 'Cooper', 'Amari', '31', 'WR'),
('W31', 'Fitzgerald', 'Larry', '9', 'WR'),
('W32', 'Smith', 'Steve', '16', 'WR'),
('W33', 'Boldin', 'Anquan', '22', 'WR'),
('W34', 'Marshall', 'Brandon', '2', 'WR'),
('W35', 'Wright', 'Kendall', '32', 'WR'),
('W36', 'White', 'Roddy', '26', 'WR'),
('W37', 'Bryant', 'Martavi', '14', 'WR'),
('W38', 'Smith', 'Torrey', '22', 'WR'),
('W39', 'Garcon', 'Pierre', '29', 'WR'),
('W40', 'Decker', 'Eric', '2', 'WR'),
('W41', 'Williams', 'Terranc', '19', 'WR'),
('W42', 'Agholor', 'Nelson', '23', 'WR'),
('W43', 'Floyd', 'Michael', '9', 'WR'),
('W44', 'Jones', 'James', '21', 'WR'),
('W45', 'Brown', 'John', '9', 'WR'),
('W46', 'Montgomery', 'Ty', '21', 'WR'),
('W47', 'Colston', 'Marques', '27', 'WR'),
('W48', 'Dorsett', 'Phillip', '6', 'WR'),
('W49', 'Quick', 'Brian', '8', 'WR'),
('W50', 'Perriman', 'Breshad', '16', 'WR'),
('W51', 'Funchess', 'Devin', '12', 'WR'),
('W52', 'Wallace', 'Mike', '5', 'WR'),
('W53', 'Baldwin', 'Doug', '1', 'WR'),
('W54', 'Royal', 'Eddie', '28', 'WR'),
('W55', 'Harvin', 'Percy', '10', 'WR'),
('W56', 'Coleman', 'Brandon', '27', 'WR'),
('W57', 'Hurns', 'Allen', '13', 'WR'),
('W58', 'Randle', 'Rueben', '25', 'WR'),
('W59', 'Stills', 'Kenny', '3', 'WR'),
('W60', 'Jones', 'Marvin', '4', 'WR'),
('W61', 'Shorts', 'Cecil', '18', 'WR'),
('W62', 'Crabtree', 'Michael', '31', 'WR'),
('W63', 'Green-Beckham', 'Dorial', '32', 'WR'),
('W64', 'Hawkins', 'Andrew', '11', 'WR'),
('W65', 'Woods', 'Robert', '10', 'WR'),
('W66', 'Hartline', 'Brian', '11', 'WR'),
('W67', 'Lockett', 'Tyler', '1', 'WR'),
('W68', 'Kearse', 'Jermain', '1', 'WR'),
('W69', 'Bailey', 'Stedman', '8', 'WR'),
('W70', 'Beasley', 'Cole', '19', 'WR'),
('W71', 'Amendola', 'Danny', '17', 'WR'),
('W72', 'Parker', 'DeVante', '3', 'WR'),
('W73', 'Cruz', 'Victor', '25', 'WR'),
('W74', 'Floyd', 'Malcom', '24', 'WR'),
('W75', 'Latimer', 'Cody', '15', 'WR'),
('W76', 'Britt', 'Kenny', '8', 'WR'),
('W77', 'Janis', 'Jeff', '21', 'WR'),
('W78', 'Dobson', 'Aaron', '17', 'WR'),
('W79', 'Smith', 'Devin', '2', 'WR'),
('W80', 'Wilson', 'Albert', '7', 'WR'),
('W81', 'Streater', 'Rod', '31', 'WR'),
('W82', 'Strong', 'Jaelen', '18', 'WR'),
('W83', 'Hogan', 'Chris', '10', 'WR'),
('W84', 'Jennings', 'Greg', '3', 'WR'),
('W85', 'Holmes', 'Andre', '31', 'WR'),
('W86', 'Brown', 'Philly', '12', 'WR'),
('W87', 'LaFell', 'Brandon', '17', 'WR'),
('W88', 'Moncrief', 'Donte', '6', 'WR'),
('W89', 'Austin', 'Tavon', '8', 'WR'),
('W90', 'Conley', 'Chris', '7', 'WR'),
('W91', 'Coates', 'Sammie', '14', 'WR'),
('W92', 'Lee', 'Marqise', '13', 'WR'),
('W93', 'Nelson', 'Jordy', '21', 'WR'),
('W94', 'Benjamin', 'Kelvin', '12', 'WR'),
('W95', 'White', 'Kevin', '28', 'WR');

-- --------------------------------------------------------

--
-- Table structure for table `qbs`
--

CREATE TABLE `qbs` (
  `playerID` varchar(10) DEFAULT NULL,
  `lastName` varchar(14) DEFAULT NULL,
  `firstName` varchar(7) DEFAULT NULL,
  `teamID` varchar(10) DEFAULT NULL,
  `yearID` int(11) NOT NULL,
  `bye` int(2) DEFAULT NULL,
  `passYds` int(4) DEFAULT NULL,
  `passTd` int(2) DEFAULT NULL,
  `int` int(2) DEFAULT NULL,
  `rushYds` int(3) DEFAULT NULL,
  `catches` varchar(10) DEFAULT NULL,
  `recYds` varchar(10) DEFAULT NULL,
  `redTds` int(1) DEFAULT NULL,
  `bonus` varchar(2) DEFAULT NULL,
  `dynst` varchar(3) DEFAULT NULL,
  `pointsEspn` int(3) DEFAULT NULL,
  `pointsPpr` int(3) DEFAULT NULL,
  `pointsTd` int(3) DEFAULT NULL,
  `points2Qb` int(3) DEFAULT NULL,
  `pointsCust` int(3) DEFAULT NULL
) ENGINE=InnoDB DEFAULT CHARSET=utf8;

--
-- Dumping data for table `qbs`
--

INSERT INTO `qbs` (`playerID`, `lastName`, `firstName`, `teamID`, `yearID`, `bye`, `passYds`, `passTd`, `int`, `rushYds`, `catches`, `recYds`, `redTds`, `bonus`, `dynst`, `pointsEspn`, `pointsPpr`, `pointsTd`, `points2Qb`, `pointsCust`) VALUES
('Q01', 'Rodgers', 'Aaron', '21', 2015, 7, 4700, 37, 9, 240, '', '', 2, '', '12', 354, 354, 254, 401, 354),
('Q02', 'Luck', 'Andrew', '6', 2015, 10, 4600, 38, 13, 250, '', '', 3, '', '25', 353, 353, 259, 399, 353),
('Q03', 'Wilson', 'Russell', '1', 2015, 9, 3600, 26, 10, 560, '', '', 4, '', '12', 308, 308, 212, 344, 308),
('Q04', 'Brees', 'Drew', '27', 2015, 11, 4800, 34, 16, 50, '', '', 1, '', '', 307, 307, 224, 355, 307),
('Q05', 'Roethlisberger', 'Ben', '14', 2015, 11, 4680, 31, 10, 50, '', '', 0, '', '5', 296, 296, 209, 343, 296),
('Q06', 'Stafford', 'Matthew', '20', 2015, 9, 4650, 30, 15, 70, '', '', 2, '', '8', 295, 295, 212, 341, 295),
('Q07', 'Romo', 'Tony', '19', 2015, 6, 4350, 32, 11, 40, '', '', 1, '', '', 290, 290, 211, 333, 290),
('Q08', 'Manning', 'Peyton', '15', 2015, 7, 4300, 36, 14, 0, '', '', 0, '', '', 288, 288, 216, 331, 288),
('Q09', 'Ryan', 'Matt', '26', 2015, 10, 4600, 29, 14, 90, '', '', 1, '', '5', 287, 287, 203, 333, 287),
('Q10', 'Tannehill', 'Ryan', '3', 2015, 5, 4050, 26, 11, 300, '', '', 2, '', '12', 286, 286, 198, 326, 286),
('Q11', 'Brady', 'Tom', '17', 2015, 4, 4300, 30, 13, 50, '', '', 2, '', '5', 283, 283, 207, 326, 283),
('Q12', 'Newton', 'Cam', '12', 2015, 5, 3400, 21, 17, 600, '', '', 6, '', '10', 282, 282, 195, 316, 282),
('Q13', 'Rivers', 'Philip', '24', 2015, 10, 4400, 30, 12, 70, '', '', 0, '', '5', 279, 279, 198, 323, 279),
('Q14', 'Flacco', 'Joe', '16', 2015, 9, 4150, 26, 12, 80, '', '', 2, '', '5', 266, 266, 190, 307, 266),
('Q15', 'Bradford', 'Sam', '23', 2015, 8, 3100, 20, 9, 90, '', '', 1, '64', '5', 265, 265, 206, 296, 265),
('Q16', 'Manning', 'Eli', '25', 2015, 11, 4350, 29, 16, 30, '', '', 0, '', '', 261, 261, 188, 304, 261),
('Q17', 'Bortles', 'Blake', '13', 2015, 8, 3780, 21, 13, 400, '', '', 2, '', '15', 261, 261, 174, 299, 261),
('Q18', 'Kaepernick', 'Colin', '22', 2015, 10, 3400, 20, 14, 600, '', '', 2, '', '5', 260, 260, 170, 294, 260),
('Q19', 'Mariota', 'Marcus', '32', 2015, 4, 3100, 17, 12, 600, '', '', 4, '', '45', 252, 252, 166, 283, 252),
('Q20', 'Bridgewater', 'Teddy', '5', 2015, 5, 3750, 21, 13, 250, '', '', 2, '', '15', 245, 245, 168, 282, 245),
('Q21', 'Dalton', 'Andy', '4', 2015, 7, 3700, 24, 17, 160, '', '', 2, '', '10', 238, 238, 171, 275, 238),
('Q22', 'Smith', 'Alex', '7', 2015, 9, 3200, 20, 8, 330, '', '', 1, '', '', 231, 231, 155, 263, 231),
('Q23', 'Taylor', 'Tyrod', '10', 2015, 8, 2400, 13, 10, 550, '', '', 5, '10', '10', 223, 223, 152, 247, 223),
('Q24', 'Palmer', 'Carson', '9', 2015, 9, 3800, 22, 14, 20, '', '', 0, '', '-5', 214, 214, 150, 252, 214),
('Q25', 'Cutler', 'Jay', '28', 2015, 7, 3300, 23, 17, 140, '', '', 1, '', '', 210, 210, 152, 243, 210),
('Q26', 'Foles', 'Nick', '8', 2015, 6, 3500, 19, 13, 70, '', '', 1, '', '10', 203, 203, 141, 238, 203),
('Q27', 'Winston', 'Jameis', '30', 2015, 6, 3100, 15, 14, 170, '', '', 4, '', '60', 197, 197, 138, 228, 197),
('Q28', 'Carr', 'Derek', '31', 2015, 6, 3100, 16, 12, 80, '', '', 1, '', '15', 178, 178, 123, 209, 178),
('Q29', 'Hoyer', 'Brian', '18', 2015, 9, 2600, 14, 14, 40, '', '', 0, '30', '', 166, 166, 125, 192, 166),
('Q30', 'Cousins', 'Kirk', '29', 2015, 8, 2600, 13, 15, 90, '', '', 0, '', '0', 135, 135, 92, 161, 135),
('Q31', 'McCown', 'Josh', '11', 2015, 11, 2400, 12, 14, 120, '', '', 1, '', '0', 134, 134, 92, 158, 134),
('Q32', 'Griffin', 'Robert', '29', 2015, 8, 1400, 7, 8, 200, '', '', 2, '30', '8', 130, 130, 98, 144, 130),
('Q33', 'Smith', 'Geno', '2', 2015, 5, 1500, 8, 7, 130, '', '', 1, '20', '8', 117, 117, 86, 132, 117),
('Q34', 'Fitzpatrick', 'Ryan', '2', 2015, 9, 1400, 8, 6, 20, '', '', 0, '20', '0', 98, 98, 74, 112, 98),
('Q35', 'Garoppolo', 'Jimmy', '17', 2015, 4, 500, 2, 1, 10, '', '', 0, '60', '120', 87, 87, 77, 92, 87);

-- --------------------------------------------------------

--
-- Table structure for table `rbs`
--

CREATE TABLE `rbs` (
  `playerID` varchar(10) DEFAULT NULL,
  `lastName` varchar(11) DEFAULT NULL,
  `firstName` varchar(10) DEFAULT NULL,
  `teamID` varchar(10) DEFAULT NULL,
  `yearID` int(11) NOT NULL,
  `bye` int(2) DEFAULT NULL,
  `passYds` varchar(10) DEFAULT NULL,
  `passTd` varchar(10) DEFAULT NULL,
  `int` varchar(10) DEFAULT NULL,
  `rushYds` int(4) DEFAULT NULL,
  `catches` int(2) DEFAULT NULL,
  `recYds` int(3) DEFAULT NULL,
  `redTds` int(2) DEFAULT NULL,
  `bonus` varchar(2) DEFAULT NULL,
  `dynst` varchar(3) DEFAULT NULL,
  `pointsEspn` int(3) DEFAULT NULL,
  `pointsPpr` int(3) DEFAULT NULL,
  `pointsTd` int(3) DEFAULT NULL,
  `points2Qb` int(3) DEFAULT NULL,
  `pointsCust` int(3) DEFAULT NULL
) ENGINE=InnoDB DEFAULT CHARSET=utf8;

--
-- Dumping data for table `rbs`
--

INSERT INTO `rbs` (`playerID`, `lastName`, `firstName`, `teamID`, `yearID`, `bye`, `passYds`, `passTd`, `int`, `rushYds`, `catches`, `recYds`, `redTds`, `bonus`, `dynst`, `pointsEspn`, `pointsPpr`, `pointsTd`, `points2Qb`, `pointsCust`) VALUES
('RB01', 'Lacy', 'Eddie', '21', 2015, 7, '', '', '', 1290, 40, 330, 14, '', '10', 246, 286, 148, 246, 246),
('RB02', 'Bell', 'LeVeon', '14', 2015, 11, '', '', '', 1230, 65, 560, 11, '', '15', 245, 310, 137, 245, 245),
('RB03', 'Lynch', 'Marshawn', '1', 2015, 9, '', '', '', 1370, 33, 290, 13, '', '-2', 244, 277, 144, 244, 244),
('RB04', 'Peterson', 'Adrian', '5', 2015, 5, '', '', '', 1380, 41, 320, 12, '', '', 242, 283, 140, 242, 242),
('RB05', 'Charles', 'Jamaal', '7', 2015, 9, '', '', '', 1140, 53, 400, 13, '', '-2', 232, 285, 139, 232, 232),
('RB06', 'Anderson', 'C.J.', '15', 2015, 7, '', '', '', 1290, 44, 370, 10, '', '', 226, 270, 126, 226, 226),
('RB07', 'Hill', 'Jeremy', '4', 2015, 7, '', '', '', 1340, 31, 230, 11, '', '5', 223, 254, 128, 223, 223),
('RB08', 'Murray', 'DeMarco', '23', 2015, 8, '', '', '', 1150, 42, 300, 9, '', '-3', 199, 241, 112, 199, 199),
('RB09', 'McCoy', 'LeSean', '10', 2015, 8, '', '', '', 1220, 32, 200, 9, '', '-8', 196, 228, 110, 196, 196),
('RB10', 'Forte', 'Matt', '28', 2015, 7, '', '', '', 1060, 50, 360, 9, '', '', 196, 246, 110, 196, 196),
('RB11', 'Miller', 'Lamar', '3', 2015, 5, '', '', '', 1130, 40, 290, 9, '', '5', 196, 236, 110, 196, 196),
('RB12', 'Forsett', 'Justin', '16', 2015, 9, '', '', '', 950, 64, 480, 8, '', '', 191, 255, 105, 191, 191),
('RB13', 'Hyde', 'Carlos', '22', 2015, 10, '', '', '', 1190, 25, 160, 9, '', '15', 189, 214, 108, 189, 189),
('RB14', 'Morris', 'Alfred', '29', 2015, 8, '', '', '', 1120, 21, 150, 9, '', '', 181, 202, 104, 181, 181),
('RB15', 'Gore', 'Frank', '6', 2015, 10, '', '', '', 1050, 10, 80, 9, '', '-10', 167, 177, 99, 167, 167),
('RB16', 'Martin', 'Doug', '30', 2015, 6, '', '', '', 1090, 14, 90, 8, '', '', 166, 180, 95, 166, 166),
('RB17', 'Gordon', 'Melvin', '24', 2015, 10, '', '', '', 900, 25, 170, 7, '10', '40', 159, 184, 92, 159, 159),
('RB18', 'Ivory', 'Chris', '2', 2015, 5, '', '', '', 960, 27, 200, 7, '', '', 158, 185, 88, 158, 158),
('RB19', 'Yeldon', 'T.J.', '13', 2015, 8, '', '', '', 920, 8, 50, 7, '10', '30', 149, 157, 88, 149, 149),
('RB20', 'Ingram', 'Mark', '27', 2015, 11, '', '', '', 880, 26, 170, 7, '', '', 147, 173, 84, 147, 147),
('RB21', 'Blount', 'LeGarrette', '17', 2015, 4, '', '', '', 930, 8, 50, 8, '', '', 146, 154, 87, 146, 146),
('RB22', 'Murray', 'Latavius', '31', 2015, 6, '', '', '', 890, 26, 200, 6, '', '10', 145, 171, 79, 145, 145),
('RB23', 'Foster', 'Arian', '18', 2015, 9, '', '', '', 820, 22, 140, 7, '6', '-8', 144, 166, 85, 144, 144),
('RB24', 'Gurley', 'Todd', '8', 2015, 6, '', '', '', 770, 12, 90, 6, '20', '75', 142, 154, 86, 142, 142),
('RB25', 'Ellington', 'Andre', '9', 2015, 9, '', '', '', 760, 45, 360, 5, '', '8', 142, 187, 74, 142, 142),
('RB26', 'Abdullah', 'Ameer', '20', 2015, 9, '', '', '', 750, 33, 260, 5, '10', '30', 141, 174, 78, 141, 141),
('RB27', 'Johnson', 'Duke', '11', 2015, 11, '', '', '', 710, 22, 150, 5, '18', '20', 134, 156, 78, 134, 134),
('RB28', 'Randle', 'Joseph', '19', 2015, 6, '', '', '', 710, 15, 100, 7, '10', '5', 133, 148, 82, 133, 133),
('RB29', 'Crowell', 'Isaiah', '11', 2015, 11, '', '', '', 790, 14, 110, 7, '', '10', 132, 146, 78, 132, 132),
('RB30', 'Bell', 'Joique', '20', 2015, 9, '', '', '', 650, 35, 290, 6, '', '', 130, 165, 73, 130, 130),
('RB31', 'Stewart', 'Jonathan', '12', 2015, 5, '', '', '', 820, 24, 170, 5, '', '-5', 129, 153, 69, 129, 129),
('RB32', 'Sankey', 'Bishop', '32', 2015, 4, '', '', '', 850, 25, 190, 4, '', '10', 128, 153, 65, 128, 128),
('RB33', 'Jennings', 'Rashad', '25', 2015, 11, '', '', '', 720, 24, 180, 4, '12', '', 126, 150, 69, 126, 126),
('RB34', 'Vereen', 'Shane', '25', 2015, 11, '', '', '', 440, 51, 430, 5, '', '8', 117, 168, 64, 117, 117),
('RB35', 'Bernard', 'Giovani', '4', 2015, 7, '', '', '', 470, 46, 390, 5, '1', '10', 117, 163, 65, 117, 117),
('RB36', 'Coleman', 'Tevin', '26', 2015, 10, '', '', '', 600, 20, 150, 5, '10', '40', 115, 135, 68, 115, 115),
('RB37', 'McFadden', 'Darren', '19', 2015, 6, '', '', '', 590, 20, 150, 5, '10', '', 114, 134, 67, 114, 114),
('RB38', 'Spiller', 'C.J.', '27', 2015, 11, '', '', '', 360, 47, 390, 4, '14', '', 113, 160, 65, 113, 113),
('RB39', 'Hillman', 'Ronnie', '15', 2015, 7, '', '', '', 440, 26, 160, 5, '20', '', 110, 136, 70, 110, 110),
('RB40', 'Williams', 'Andre', '25', 2015, 11, '', '', '', 550, 10, 60, 6, '10', '10', 107, 117, 68, 107, 107),
('RB41', 'Blue', 'Alfred', '18', 2015, 9, '', '', '', 590, 16, 120, 5, '5', '10', 106, 122, 62, 106, 106),
('RB42', 'Lewis', 'Dion', '17', 2015, 4, '', '', '', 400, 33, 250, 4, '15', '0', 104, 137, 62, 104, 104),
('RB43', 'Freeman', 'Devonta', '26', 2015, 10, '', '', '', 650, 26, 200, 3, '', '10', 103, 129, 52, 103, 103),
('RB44', 'Robinson', 'Khiry', '27', 2015, 11, '', '', '', 640, 13, 90, 5, '', '5', 103, 116, 59, 103, 103),
('RB45', 'Mathews', 'Ryan', '23', 2015, 8, '', '', '', 530, 14, 100, 5, '10', '', 103, 117, 63, 103, 103),
('RB46', 'Robinson', 'Josh', '6', 2015, 10, '', '', '', 480, 16, 100, 4, '20', '25', 102, 118, 63, 102, 102),
('RB47', 'Davis', 'Knile', '7', 2015, 9, '', '', '', 450, 15, 110, 5, '15', '30', 101, 116, 64, 101, 101),
('RB48', 'Rawls', 'Thomas', '1', 2015, 5, '', '', '', 350, 12, 70, 4, '35', '20', 101, 113, 68, 101, 101),
('RB49', 'Woodhead', 'Danny', '24', 2015, 10, '', '', '', 370, 48, 320, 5, '', '', 99, 147, 57, 99, 99),
('RB50', 'Mason', 'Tre', '8', 2015, 6, '', '', '', 450, 19, 130, 4, '16', '', 98, 117, 60, 98, 98),
('RB51', 'West', 'Terrance', '11', 2015, 11, '', '', '', 490, 15, 90, 5, '10', '10', 98, 113, 61, 98, 98),
('RB52', 'Robinson', 'Denard', '13', 2015, 8, '', '', '', 380, 30, 200, 5, '10', '5', 98, 128, 61, 98, 98),
('RB53', 'Jones', 'Matt', '29', 2015, 8, '', '', '', 380, 31, 210, 4, '15', '20', 98, 129, 59, 98, 98),
('RB54', 'Michael', 'Christine', '19', 2015, 6, '', '', '', 400, 13, 100, 3, '30', '15', 98, 111, 62, 98, 98),
('RB55', 'Johnson', 'David', '9', 2015, 9, '', '', '', 340, 22, 150, 4, '23', '20', 96, 118, 62, 96, 96),
('RB56', 'Williams', 'DeAngelo', '14', 2015, 11, '', '', '', 460, 13, 90, 4, '15', '-5', 94, 107, 58, 94, 94),
('RB57', 'Artis-Payne', 'Cameron', '12', 2015, 5, '', '', '', 410, 8, 50, 4, '20', '15', 90, 98, 58, 90, 90),
('RB58', 'Johnson', 'Chris', '9', 2015, 9, '', '', '', 440, 17, 100, 4, '12', '-5', 90, 107, 55, 90, 90),
('RB59', 'Helu', 'Roy', '31', 2015, 6, '', '', '', 360, 39, 280, 4, '', '8', 88, 127, 49, 88, 88),
('RB60', 'Starks', 'James', '21', 2015, 7, '', '', '', 380, 14, 100, 3, '20', '', 86, 100, 53, 86, 86),
('RB61', 'Bush', 'Reggie', '22', 2015, 10, '', '', '', 350, 43, 300, 3, '', '-5', 83, 126, 44, 83, 83),
('RB62', 'Polk', 'Chris', '18', 2015, 9, '', '', '', 320, 12, 70, 4, '19', '', 82, 94, 54, 82, 82),
('RB63', 'McKinnon', 'Jerick', '5', 2015, 5, '', '', '', 330, 26, 180, 3, '13', '15', 82, 108, 48, 82, 82),
('RB64', 'Langford', 'Jeremy', '28', 2015, 7, '', '', '', 340, 17, 120, 3, '15', '20', 79, 96, 48, 79, 79),
('RB65', 'Sproles', 'Darren', '23', 2015, 8, '', '', '', 180, 36, 320, 4, '', '-5', 74, 110, 44, 74, 74),
('RB66', 'Oliver', 'Branden', '24', 2015, 10, '', '', '', 350, 24, 180, 3, '', '20', 71, 95, 39, 71, 71),
('RB67', 'Grimes', 'Jonathan', '18', 2015, 9, '', '', '', 230, 10, 60, 2, '25', '5', 66, 76, 43, 66, 66),
('RB68', 'Williams', 'Karlos', '10', 2015, 8, '', '', '', 410, 10, 70, 3, '', '20', 66, 76, 37, 66, 66),
('RB69', 'Dunbar', 'Lance', '19', 2015, 6, '', '', '', 180, 23, 190, 2, '15', '', 64, 87, 38, 64, 64),
('RB70', 'Sims', 'Charles', '30', 2015, 6, '', '', '', 290, 16, 100, 2, '10', '25', 61, 77, 35, 61, 61),
('RB71', 'Cobb', 'David', '32', 2015, 4, '', '', '', 100, 4, 30, 1, '20', '35', 39, 43, 27, 39, 39),
('RB72', 'Gray', 'Jonas', '17', 2015, 4, '', '', '', 0, 0, 0, 0, '0', '0', 0, 0, 0, 0, 0),
('RB73', 'Turbin', 'Robert', '1', 2015, 9, '', '', '', 0, 0, 0, 0, '0', '0', 0, 0, 0, 0, 0);

-- --------------------------------------------------------

--
-- Table structure for table `teams`
--

CREATE TABLE `teams` (
  `teamID` int(3) NOT NULL,
  `teamName` varchar(30) NOT NULL,
  `state` varchar(15) NOT NULL
) ENGINE=InnoDB DEFAULT CHARSET=latin1;

--
-- Dumping data for table `teams`
--

INSERT INTO `teams` (`teamID`, `teamName`, `state`) VALUES
(1, 'Seattle Seahawks', 'Washington'),
(2, 'New York Jets', 'New York'),
(3, 'Miami Dolphins', 'Florida'),
(4, 'Cincinnati Bengals', 'Ohio'),
(5, 'Minnesota Vikings', 'Minnesota?'),
(6, 'Indianapolis Colts', 'Indiana'),
(7, 'Kansas City Chiefs', 'Missouri'),
(8, 'St Louis Rams', 'Missouri'),
(9, 'Arizona Cardinals', 'Arizona'),
(10, 'Buffalo Bills', 'New York'),
(11, 'Cleveland Browns', 'Ohio'),
(12, 'Carolina Panthers', 'North Carolina'),
(13, 'Jacksonville Jaguars', 'Florida'),
(14, 'Pittsburgh? Steelers', 'Pennsylvania'),
(15, 'Denver Broncos', 'Colorado'),
(16, 'Baltimore Ravens', 'Maryland'),
(17, 'New England Patriots', 'Massachusetts'),
(18, 'Houston Texans', 'Texas'),
(19, 'Dallas Cowboys', 'Texas'),
(20, 'Detroit Lions', 'Michigan'),
(21, 'Green Bay Packers', 'Wisconsin'),
(22, 'San Franciso 49ers', 'California'),
(23, 'Philadelphia Eagles', 'Pennsylvania'),
(24, 'San Diego Chargers', 'California'),
(25, 'New York Giants', 'New York'),
(26, 'Atlanta Falcons', 'Georgia'),
(27, 'New Orleans Saints', 'New Orleans'),
(28, 'Chicago Bears', 'Louisiana'),
(29, 'Washington Redskins', 'Maryland'),
(30, 'Tampa Bay Buccaneers', 'Florida'),
(31, 'Oakland Raiders', 'California'),
(32, 'Tennessee Titans', 'Tennessee');

-- --------------------------------------------------------

--
-- Table structure for table `tes`
--

CREATE TABLE `tes` (
  `playerID` varchar(10) DEFAULT NULL,
  `lastName` varchar(16) DEFAULT NULL,
  `firstName` varchar(9) DEFAULT NULL,
  `teamID` varchar(10) DEFAULT NULL,
  `yearID` int(11) NOT NULL,
  `bye` int(2) DEFAULT NULL,
  `passYds` varchar(10) DEFAULT NULL,
  `passTd` varchar(10) DEFAULT NULL,
  `int` varchar(10) DEFAULT NULL,
  `rushYds` varchar(10) DEFAULT NULL,
  `catches` int(2) DEFAULT NULL,
  `recYds` int(4) DEFAULT NULL,
  `redTds` int(2) DEFAULT NULL,
  `bonus` varchar(2) DEFAULT NULL,
  `dynst` varchar(3) DEFAULT NULL,
  `pointsEspn` int(3) DEFAULT NULL,
  `pointsPpr` int(3) DEFAULT NULL,
  `pointsTd` int(3) DEFAULT NULL,
  `points2Qb` int(3) DEFAULT NULL,
  `pointsCust` int(3) DEFAULT NULL
) ENGINE=InnoDB DEFAULT CHARSET=utf8;

--
-- Dumping data for table `tes`
--

INSERT INTO `tes` (`playerID`, `lastName`, `firstName`, `teamID`, `yearID`, `bye`, `passYds`, `passTd`, `int`, `rushYds`, `catches`, `recYds`, `redTds`, `bonus`, `dynst`, `pointsEspn`, `pointsPpr`, `pointsTd`, `points2Qb`, `pointsCust`) VALUES
('TE01', 'Gronkowski', 'Rob', '17', 2015, 4, '', '', '', '', 85, 1190, 13, '', '8', 197, 282, 125, 197, 197),
('TE02', 'Graham', 'Jimmy', '1', 2015, 9, '', '', '', '', 67, 930, 9, '', '8', 147, 214, 91, 147, 147),
('TE03', 'Olsen', 'Greg', '12', 2015, 5, '', '', '', '', 86, 1040, 7, '', '8', 146, 232, 83, 146, 146),
('TE04', 'Kelce', 'Travis', '7', 2015, 9, '', '', '', '', 73, 930, 6, '', '10', 129, 202, 73, 129, 129),
('TE05', 'Walker', 'Delanie', '32', 2015, 4, '', '', '', '', 65, 810, 6, '', '', 117, 182, 68, 117, 117),
('TE06', 'Eifert', 'Tyler', '4', 2015, 7, '', '', '', '', 67, 800, 6, '', '10', 116, 183, 68, 116, 116),
('TE07', 'Bennett', 'Martellus', '28', 2015, 7, '', '', '', '', 76, 800, 5, '', '5', 110, 186, 62, 110, 110),
('TE08', 'Reed', 'Jordan', '29', 2015, 8, '', '', '', '', 67, 790, 4, '5', '8', 108, 175, 59, 108, 108),
('TE09', 'Rudolph', 'Kyle', '5', 2015, 5, '', '', '', '', 65, 720, 6, '', '10', 108, 173, 64, 108, 108),
('TE10', 'Daniels', 'Owen', '15', 2015, 7, '', '', '', '', 65, 710, 6, '', '-5', 107, 172, 64, 107, 107),
('TE11', 'Ertz', 'Zach', '23', 2015, 8, '', '', '', '', 61, 700, 6, '', '10', 106, 167, 64, 106, 106),
('TE12', 'Fleener', 'Coby', '6', 2015, 10, '', '', '', '', 51, 630, 7, '', '8', 105, 156, 67, 105, 105),
('TE13', 'Cameron', 'Jordan', '3', 2015, 5, '', '', '', '', 62, 740, 5, '', '8', 104, 166, 59, 104, 104),
('TE14', 'Clay', 'Charles', '10', 2015, 8, '', '', '', '', 63, 720, 5, '', '5', 102, 165, 58, 102, 102),
('TE15', 'Witten', 'Jason', '19', 2015, 6, '', '', '', '', 67, 720, 5, '', '-5', 102, 169, 58, 102, 102),
('TE16', 'Cook', 'Jared', '8', 2015, 6, '', '', '', '', 55, 710, 5, '', '5', 101, 156, 58, 101, 101),
('TE17', 'Davis', 'Vernon', '22', 2015, 10, '', '', '', '', 56, 700, 5, '', '-5', 100, 156, 58, 100, 100),
('TE18', 'Thomas', 'Julius', '13', 2015, 8, '', '', '', '', 54, 630, 5, '4', '10', 97, 151, 58, 97, 97),
('TE19', 'Rodgers', 'Richard', '21', 2015, 7, '', '', '', '', 55, 670, 5, '', '15', 97, 152, 56, 97, 97),
('TE20', 'Seferian-Jenkins', 'Austin', '30', 2015, 6, '', '', '', '', 61, 720, 4, '', '20', 96, 157, 52, 96, 96),
('TE21', 'Miller', 'Heath', '14', 2015, 11, '', '', '', '', 64, 720, 4, '', '-5', 96, 160, 52, 96, 96),
('TE22', 'Ebron', 'Eric', '20', 2015, 9, '', '', '', '', 57, 700, 4, '', '20', 94, 151, 52, 94, 94),
('TE23', 'Green', 'Ladarius', '24', 2015, 10, '', '', '', '', 46, 590, 4, '10', '15', 93, 139, 55, 93, 93),
('TE24', 'Chandler', 'Scott', '17', 2015, 4, '', '', '', '', 52, 610, 5, '', '-10', 91, 143, 54, 91, 91),
('TE25', 'Donnell', 'Larry', '25', 2015, 11, '', '', '', '', 58, 600, 5, '', '8', 90, 148, 54, 90, 90),
('TE26', 'Gates', 'Antonio', '24', 2015, 10, '', '', '', '', 44, 550, 3, '15', '5', 88, 132, 52, 88, 88),
('TE27', 'Allen', 'Dwayne', '6', 2015, 10, '', '', '', '', 38, 440, 7, '', '8', 86, 124, 59, 86, 86),
('TE28', 'Williams', 'Maxx', '16', 2015, 9, '', '', '', '', 41, 510, 4, '', '20', 75, 116, 44, 75, 75),
('TE29', 'Hill', 'Josh', '27', 2015, 11, '', '', '', '', 35, 490, 4, '', '8', 73, 108, 43, 73, 73),
('TE30', 'Rivera', 'Mychal', '31', 2015, 6, '', '', '', '', 51, 480, 4, '', '10', 72, 123, 43, 72, 72),
('TE31', 'Amaro', 'Jace', '2', 2015, 5, '', '', '', '', 45, 470, 3, '', '25', 65, 110, 36, 65, 65),
('TE32', 'Walford', 'Clive', '31', 2015, 6, '', '', '', '', 35, 460, 3, '', '30', 64, 99, 36, 64, 64),
('TE33', 'Housler', 'Rob', '11', 2015, 11, '', '', '', '', 38, 450, 3, '', '8', 63, 101, 36, 63, 63),
('TE34', 'Lewis', 'Marcedes', '13', 2015, 8, '', '', '', '', 36, 440, 3, '', '', 62, 98, 35, 62, 62),
('TE35', 'Celek', 'Brent', '23', 2015, 8, '', '', '', '', 33, 390, 3, '', '-5', 57, 90, 33, 57, 57),
('TE36', 'Fiedorowicz', 'C.J.', '18', 2015, 9, '', '', '', '', 24, 260, 3, '', '25', 44, 68, 28, 44, 44),
('TE37', 'Quarless', 'Andrew', '21', 2015, 7, '', '', '', '', 24, 270, 2, '', '', 39, 63, 22, 39, 39),
('TE38', 'Toilolo', 'Levine', '26', 2015, 10, '', '', '', '', 27, 250, 2, '', '10', 37, 64, 22, 37, 37),
('TE39', 'Pitta', 'Dennis', '16', 2015, 9, '', '', '', '', 0, 0, 0, '30', '-5', 30, 30, 24, 30, 30),
('TE40', 'Green', 'Virgil', '15', 2015, 7, '', '', '', '', 12, 200, 1, '', '', 26, 38, 14, 26, 26),
('TE41', 'Niklas', 'Troy', '9', 2015, 9, '', '', '', '', 10, 140, 1, '', '30', 20, 30, 11, 20, 20),
('TE42', 'Pettigrew', 'Brandon', '20', 2015, 9, '', '', '', '', 12, 110, 1, '', '', 17, 29, 10, 17, 17),
('TE43', 'Paul', 'Niles', '29', 2015, 8, '', '', '', '', 0, 0, 0, '', '60', 0, 0, 0, 0, 0),
('TE44', 'Wright', 'Tim', '20', 2015, 9, '', '', '', '', 0, 0, 0, '', '', 0, 0, 0, 0, 0);

-- --------------------------------------------------------

--
-- Table structure for table `wrs`
--

CREATE TABLE `wrs` (
  `playerID` varchar(10) DEFAULT NULL,
  `lastName` varchar(13) DEFAULT NULL,
  `firstName` varchar(9) DEFAULT NULL,
  `teamID` varchar(10) DEFAULT NULL,
  `yearID` int(11) NOT NULL,
  `bye` int(2) DEFAULT NULL,
  `passYds` varchar(10) DEFAULT NULL,
  `passTd` varchar(10) DEFAULT NULL,
  `int` varchar(10) DEFAULT NULL,
  `rushYds` varchar(10) DEFAULT NULL,
  `catches` int(3) DEFAULT NULL,
  `recYds` int(4) DEFAULT NULL,
  `redTds` int(2) DEFAULT NULL,
  `bonus` varchar(2) DEFAULT NULL,
  `dynst` varchar(3) DEFAULT NULL,
  `pointsEspn` int(3) DEFAULT NULL,
  `pointsPpr` int(3) DEFAULT NULL,
  `pointsTd` int(3) DEFAULT NULL,
  `points2Qb` int(3) DEFAULT NULL,
  `pointsCust` int(3) DEFAULT NULL
) ENGINE=InnoDB DEFAULT CHARSET=utf8;

--
-- Dumping data for table `wrs`
--

INSERT INTO `wrs` (`playerID`, `lastName`, `firstName`, `teamID`, `yearID`, `bye`, `passYds`, `passTd`, `int`, `rushYds`, `catches`, `recYds`, `redTds`, `bonus`, `dynst`, `pointsEspn`, `pointsPpr`, `pointsTd`, `points2Qb`, `pointsCust`) VALUES
('WR01', 'Brown', 'Antonio', '14', 2015, 11, '', '', '', '', 126, 1660, 12, '', '10', 238, 364, 138, 238, 238),
('WR02', 'Johnson', 'Calvin', '20', 2015, 9, '', '', '', '', 96, 1640, 12, '', '', 236, 332, 137, 236, 236),
('WR03', 'Jones', 'Julio', '26', 2015, 10, '', '', '', '', 102, 1580, 12, '', '9', 230, 332, 135, 230, 230),
('WR04', 'Beckham', 'Odell', '25', 2015, 11, '', '', '', '', 107, 1540, 12, '', '10', 226, 333, 133, 226, 226),
('WR05', 'Bryant', 'Dez', '19', 2015, 6, '', '', '', '', 94, 1410, 14, '', '12', 225, 319, 140, 225, 225),
('WR06', 'Green', 'A.J. ', '4', 2015, 7, '', '', '', '', 94, 1400, 11, '', '9', 206, 300, 122, 206, 206),
('WR07', 'Cobb', 'Randall', '21', 2015, 7, '', '', '', '', 94, 1360, 11, '', '8', 202, 296, 120, 202, 202),
('WR08', 'Thomas', 'Demaryius', '15', 2015, 7, '', '', '', '', 92, 1370, 10, '', '5', 197, 289, 114, 197, 197),
('WR09', 'Hilton', 'T.Y.', '6', 2015, 10, '', '', '', '', 82, 1330, 8, '', '10', 181, 263, 101, 181, 181),
('WR10', 'Cooks', 'Brandin', '27', 2015, 11, '', '', '', '', 105, 1260, 9, '', '10', 180, 285, 104, 180, 180),
('WR11', 'Jeffery', 'Alshon', '28', 2015, 7, '', '', '', '', 86, 1240, 8, '', '8', 172, 258, 97, 172, 172),
('WR12', 'Matthews', 'Jordan', '23', 2015, 8, '', '', '', '', 86, 1160, 9, '', '5', 170, 256, 100, 170, 170),
('WR13', 'Hopkins', 'DeAndre', '18', 2015, 9, '', '', '', '', 94, 1330, 6, '', '10', 169, 263, 89, 169, 169),
('WR14', 'Sanders', 'Emmanuel', '15', 2015, 7, '', '', '', '', 89, 1200, 8, '', '8', 168, 257, 96, 168, 168),
('WR15', 'Maclin', 'Jeremy', '7', 2015, 9, '', '', '', '', 87, 1180, 8, '', '', 166, 253, 95, 166, 166),
('WR16', 'Evans', 'Mike', '30', 2015, 6, '', '', '', '', 71, 1070, 9, '', '15', 161, 232, 96, 161, 161),
('WR17', 'Watkins', 'Sammy', '10', 2015, 8, '', '', '', '', 80, 1170, 7, '', '30', 159, 239, 88, 159, 159),
('WR18', 'Tate', 'Golden', '20', 2015, 9, '', '', '', '', 94, 1290, 5, '', '5', 159, 253, 81, 159, 159),
('WR19', 'Allen', 'Keenan', '24', 2015, 10, '', '', '', '', 81, 1160, 7, '', '10', 158, 239, 88, 158, 158),
('WR20', 'Robinson', 'Allen', '13', 2015, 8, '', '', '', '', 79, 1120, 7, '', '15', 154, 233, 86, 154, 154),
('WR21', 'Jackson', 'Vincent', '30', 2015, 6, '', '', '', '', 75, 1120, 7, '', '', 154, 229, 86, 154, 154),
('WR22', 'Landry', 'Jarvis', '3', 2015, 5, '', '', '', '', 104, 1110, 7, '', '15', 153, 257, 86, 153, 153),
('WR23', 'Adams', 'Davante', '21', 2015, 7, '', '', '', '', 74, 1040, 8, '', '5', 152, 226, 89, 152, 152),
('WR24', 'Johnson', 'Andre', '6', 2015, 10, '', '', '', '', 88, 1090, 7, '', '-5', 151, 239, 85, 151, 151),
('WR25', 'Johnson', 'Charles', '5', 2015, 5, '', '', '', '', 72, 1050, 7, '', '15', 147, 219, 84, 147, 147),
('WR26', 'Jackson', 'DeSean', '29', 2015, 8, '', '', '', '', 54, 960, 6, '10', '', 142, 196, 82, 142, 142),
('WR27', 'Edelman', 'Julian', '17', 2015, 4, '', '', '', '', 105, 1100, 5, '', '', 140, 245, 74, 140, 140),
('WR28', 'Johnson', 'Stevie', '24', 2015, 10, '', '', '', '', 75, 1030, 6, '', '-5', 139, 214, 77, 139, 139),
('WR29', 'Wheaton', 'Markus', '14', 2015, 11, '', '', '', '', 69, 960, 7, '', '', 138, 207, 80, 138, 138),
('WR30', 'Cooper', 'Amari', '31', 2015, 6, '', '', '', '', 73, 1020, 6, '', '35', 138, 211, 76, 138, 138),
('WR31', 'Fitzgerald', 'Larry', '9', 2015, 9, '', '', '', '', 79, 950, 7, '', '-5', 137, 216, 80, 137, 137),
('WR32', 'Smith', 'Steve', '16', 2015, 9, '', '', '', '', 78, 1060, 5, '', '-5', 136, 214, 72, 136, 136),
('WR33', 'Boldin', 'Anquan', '22', 2015, 10, '', '', '', '', 80, 1040, 5, '', '-5', 134, 214, 71, 134, 134),
('WR34', 'Marshall', 'Brandon', '2', 2015, 5, '', '', '', '', 73, 980, 6, '', '', 134, 207, 75, 134, 134),
('WR35', 'Wright', 'Kendall', '32', 2015, 4, '', '', '', '', 85, 1040, 5, '', '10', 134, 219, 71, 134, 134),
('WR36', 'White', 'Roddy', '26', 2015, 10, '', '', '', '', 76, 910, 7, '', '-5', 133, 209, 78, 133, 133),
('WR37', 'Bryant', 'Martavis', '14', 2015, 11, '', '', '', '', 56, 830, 8, '', '15', 131, 187, 81, 131, 131),
('WR38', 'Smith', 'Torrey', '22', 2015, 10, '', '', '', '', 61, 940, 6, '', '5', 130, 191, 73, 130, 130),
('WR39', 'Garcon', 'Pierre', '29', 2015, 8, '', '', '', '', 74, 920, 6, '', '', 128, 202, 72, 128, 128),
('WR40', 'Decker', 'Eric', '2', 2015, 5, '', '', '', '', 73, 970, 5, '', '8', 127, 200, 68, 127, 127),
('WR41', 'Williams', 'Terrance', '19', 2015, 6, '', '', '', '', 59, 910, 6, '', '8', 127, 186, 72, 127, 127),
('WR42', 'Agholor', 'Nelson', '23', 2015, 8, '', '', '', '', 60, 900, 6, '', '15', 126, 186, 72, 126, 126),
('WR43', 'Floyd', 'Michael', '9', 2015, 9, '', '', '', '', 60, 900, 6, '', '8', 126, 186, 72, 126, 126),
('WR44', 'Jones', 'James', '21', 2015, 7, '', '', '', '', 55, 750, 6, '15', '-5', 126, 181, 78, 126, 126),
('WR45', 'Brown', 'John', '9', 2015, 9, '', '', '', '', 62, 900, 5, '5', '15', 125, 187, 70, 125, 125),
('WR46', 'Montgomery', 'Ty', '21', 2015, 4, '', '', '', '', 48, 710, 5, '20', '15', 121, 169, 74, 121, 121),
('WR47', 'Colston', 'Marques', '27', 2015, 11, '', '', '', '', 64, 910, 5, '', '-5', 121, 185, 66, 121, 121),
('WR48', 'Dorsett', 'Phillip', '6', 2015, 10, '', '', '', '', 56, 870, 4, '10', '30', 121, 177, 66, 121, 121),
('WR49', 'Quick', 'Brian', '8', 2015, 6, '', '', '', '', 61, 800, 5, '10', '10', 120, 181, 70, 120, 120),
('WR50', 'Perriman', 'Breshad', '16', 2015, 9, '', '', '', '', 57, 840, 6, '', '35', 120, 177, 69, 120, 120),
('WR51', 'Funchess', 'Devin', '12', 2015, 5, '', '', '', '', 53, 790, 5, '10', '20', 119, 172, 69, 119, 119),
('WR52', 'Wallace', 'Mike', '5', 2015, 5, '', '', '', '', 64, 890, 5, '', '5', 119, 183, 65, 119, 119),
('WR53', 'Baldwin', 'Doug', '1', 2015, 9, '', '', '', '', 69, 880, 5, '', '', 118, 187, 65, 118, 118),
('WR54', 'Royal', 'Eddie', '28', 2015, 7, '', '', '', '', 74, 880, 5, '', '', 118, 192, 65, 118, 118),
('WR55', 'Harvin', 'Percy', '10', 2015, 8, '', '', '', '', 58, 830, 4, '10', '5', 117, 175, 65, 117, 117),
('WR56', 'Coleman', 'Brandon', '27', 2015, 11, '', '', '', '', 52, 750, 5, '12', '20', 117, 169, 69, 117, 117),
('WR57', 'Hurns', 'Allen', '13', 2015, 8, '', '', '', '', 59, 860, 5, '', '20', 116, 175, 64, 116, 116),
('WR58', 'Randle', 'Rueben', '25', 2015, 11, '', '', '', '', 61, 850, 5, '', '5', 115, 176, 64, 115, 115),
('WR59', 'Stills', 'Kenny', '3', 2015, 5, '', '', '', '', 52, 790, 4, '10', '5', 113, 165, 63, 113, 113),
('WR60', 'Jones', 'Marvin', '4', 2015, 7, '', '', '', '', 62, 820, 5, '', '15', 112, 174, 62, 112, 112),
('WR61', 'Shorts', 'Cecil', '18', 2015, 9, '', '', '', '', 58, 800, 5, '', '', 110, 168, 62, 110, 110),
('WR62', 'Crabtree', 'Michael', '31', 2015, 6, '', '', '', '', 62, 800, 5, '', '', 110, 172, 62, 110, 110),
('WR63', 'Green-Beckham', 'Dorial', '32', 2015, 4, '', '', '', '', 37, 560, 5, '24', '30', 110, 147, 71, 110, 110),
('WR64', 'Hawkins', 'Andrew', '11', 2015, 11, '', '', '', '', 68, 850, 4, '', '', 109, 177, 58, 109, 109),
('WR65', 'Woods', 'Robert', '10', 2015, 8, '', '', '', '', 67, 780, 5, '', '', 108, 175, 61, 108, 108),
('WR66', 'Hartline', 'Brian', '11', 2015, 11, '', '', '', '', 63, 840, 4, '', '-5', 108, 171, 57, 108, 108),
('WR67', 'Lockett', 'Tyler', '1', 2015, 9, '', '', '', '', 48, 720, 4, '10', '10', 106, 154, 60, 106, 106),
('WR68', 'Kearse', 'Jermaine', '1', 2015, 9, '', '', '', '', 54, 720, 4, '10', '', 106, 160, 60, 106, 106),
('WR69', 'Bailey', 'Stedman', '8', 2015, 6, '', '', '', '', 55, 790, 4, '', '15', 103, 158, 55, 103, 103),
('WR70', 'Beasley', 'Cole', '19', 2015, 6, '', '', '', '', 64, 730, 5, '', '', 103, 167, 59, 103, 103),
('WR71', 'Amendola', 'Danny', '17', 2015, 4, '', '', '', '', 60, 660, 4, '10', '', 100, 160, 58, 100, 100),
('WR72', 'Parker', 'DeVante', '3', 2015, 5, '', '', '', '', 48, 690, 5, '', '50', 99, 147, 57, 99, 99),
('WR73', 'Cruz', 'Victor', '25', 2015, 11, '', '', '', '', 46, 670, 5, '', '', 97, 143, 56, 97, 97),
('WR74', 'Floyd', 'Malcom', '24', 2015, 10, '', '', '', '', 47, 730, 4, '', '-5', 97, 144, 53, 97, 97),
('WR75', 'Latimer', 'Cody', '15', 2015, 7, '', '', '', '', 45, 670, 5, '', '20', 97, 142, 56, 97, 97),
('WR76', 'Britt', 'Kenny', '8', 2015, 6, '', '', '', '', 46, 680, 4, '', '', 92, 138, 51, 92, 92),
('WR77', 'Janis', 'Jeff', '21', 2015, 11, '', '', '', '', 30, 520, 3, '20', '10', 90, 120, 54, 90, 90),
('WR78', 'Dobson', 'Aaron', '17', 2015, 4, '', '', '', '', 42, 650, 4, '', '12', 89, 131, 50, 89, 89),
('WR79', 'Smith', 'Devin', '2', 2015, 5, '', '', '', '', 32, 560, 3, '15', '30', 89, 121, 52, 89, 89),
('WR80', 'Wilson', 'Albert', '7', 2015, 9, '', '', '', '', 44, 680, 3, '', '15', 86, 130, 45, 86, 86),
('WR81', 'Streater', 'Rod', '31', 2015, 6, '', '', '', '', 40, 620, 4, '', '5', 86, 126, 48, 86, 86),
('WR82', 'Strong', 'Jaelen', '18', 2015, 9, '', '', '', '', 34, 520, 3, '15', '30', 85, 119, 50, 85, 85),
('WR83', 'Hogan', 'Chris', '10', 2015, 8, '', '', '', '', 53, 570, 4, '', '', 81, 134, 46, 81, 81),
('WR84', 'Jennings', 'Greg', '3', 2015, 5, '', '', '', '', 42, 620, 3, '', '-5', 80, 122, 42, 80, 80),
('WR85', 'Holmes', 'Andre', '31', 2015, 6, '', '', '', '', 41, 590, 3, '', '5', 77, 118, 41, 77, 77),
('WR86', 'Brown', 'Philly', '12', 2015, 5, '', '', '', '', 44, 580, 3, '', '20', 76, 120, 41, 76, 76),
('WR87', 'LaFell', 'Brandon', '17', 2015, 4, '', '', '', '', 28, 420, 3, '15', '', 75, 103, 46, 75, 75),
('WR88', 'Moncrief', 'Donte', '6', 2015, 10, '', '', '', '', 35, 550, 3, '', '25', 73, 108, 40, 73, 73),
('WR89', 'Austin', 'Tavon', '8', 2015, 6, '', '', '', '', 36, 500, 3, '', '10', 68, 104, 38, 68, 68),
('WR90', 'Conley', 'Chris', '7', 2015, 9, '', '', '', '', 33, 510, 2, '', '40', 63, 96, 32, 63, 63),
('WR91', 'Coates', 'Sammie', '14', 2015, 11, '', '', '', '', 34, 490, 2, '', '30', 61, 95, 31, 61, 61),
('WR92', 'Lee', 'Marqise', '13', 2015, 8, '', '', '', '', 28, 400, 2, '5', '20', 57, 85, 32, 57, 57),
('WR93', 'Nelson', 'Jordy', '21', 2015, 7, '', '', '', '', 0, 0, 0, '', '130', 0, 0, 0, 0, 0),
('WR94', 'Benjamin', 'Kelvin', '12', 2015, 5, '', '', '', '', 0, 0, 0, '', '125', 0, 0, 0, 0, 0),
('WR95', 'White', 'Kevin', '28', 2015, 7, '', '', '', '', 0, 0, 0, '0', '100', 0, 0, 0, 0, 0);

--
-- Indexes for dumped tables
--

--
-- Indexes for table `players`
--
ALTER TABLE `players`
  ADD PRIMARY KEY (`playerID`);

--
-- Indexes for table `teams`
--
ALTER TABLE `teams`
  ADD PRIMARY KEY (`teamID`),
  ADD UNIQUE KEY `teamID` (`teamID`);

/*!40101 SET CHARACTER_SET_CLIENT=@OLD_CHARACTER_SET_CLIENT */;
/*!40101 SET CHARACTER_SET_RESULTS=@OLD_CHARACTER_SET_RESULTS */;
/*!40101 SET COLLATION_CONNECTION=@OLD_COLLATION_CONNECTION */;
